domain,mode,s_pct,reuse,coverage,A_amortized,B_amortized,C_amortized,C_over_A,C_over_B,A_rows,B_rows,C_rows,quality_A,quality_B,quality_C
ecom,PRED_SHARED,1,1,0.0099,2.90653200,0.02989200,0.02989200,0.0103,1.0,10000,99,99,0.0,0.0,0.0
ecom,PRED_SHARED,1,10,0.0096,0.55010640,0.02731600,0.00626320,0.0114,0.2293,20000,960,192,1.0,1.0,1.0
ecom,PRED_SHARED,1,50,0.0096,0.11082128,0.02743400,0.00205736,0.0186,0.075,20000,4800,192,0.5,0.5,0.5
ecom,PRED_SHARED,1,100,0.0113,0.05591064,0.03194000,0.00161880,0.029,0.0507,20000,11300,226,0.0,0.0,0.0
ecom,PRED_SHARED,5,1,0.0548,2.90653200,0.16000200,0.16000200,0.055,1.0,10000,548,548,0.0,0.0,0.0
ecom,PRED_SHARED,5,10,0.0519,0.55010640,0.14335600,0.02947120,0.0536,0.2056,20000,5190,1038,0.5,0.5,0.5
ecom,PRED_SHARED,5,50,0.0519,0.11082128,0.14346600,0.00669864,0.0604,0.0467,20000,25950,1038,0.5,0.5,0.5
ecom,PRED_SHARED,5,100,0.0518,0.05591064,0.14334800,0.00384696,0.0688,0.0268,20000,51800,1036,0.0,0.0,0.0
ecom,PRED_SHARED,10,1,0.1003,2.90653200,0.29252400,0.29252400,0.1006,1.0,10000,1003,1003,0.0,0.0,0.0
ecom,PRED_SHARED,10,10,0.1009,0.55010640,0.27796600,0.05639320,0.1025,0.2029,20000,10090,2018,0.5,0.5,0.5
ecom,PRED_SHARED,10,50,0.095,0.11082128,0.26206000,0.01144240,0.1033,0.0437,20000,47500,1900,0.0,0.0,0.0
ecom,PRED_SHARED,10,100,0.098,0.05591064,0.26975600,0.00637512,0.114,0.0236,20000,98000,1960,0.0,0.0,0.0
ecom,PRED_SHARED,25,1,0.2573,2.90653200,0.74892400,0.74892400,0.2577,1.0,10000,2573,2573,0.0,0.0,0.0
ecom,PRED_SHARED,25,10,0.252,0.55010640,0.69342200,0.13948440,0.2536,0.2012,20000,25200,5040,0.0,0.0,0.0
ecom,PRED_SHARED,25,50,0.2502,0.11082128,0.68795600,0.02847824,0.257,0.0414,20000,125100,5004,0.5,0.5,0.5
ecom,PRED_SHARED,25,100,0.2501,0.05591064,0.68858600,0.01475172,0.2638,0.0214,20000,250100,5002,0.0,0.0,0.0
ecom,PRED_SHARED,50,1,0.4945,2.90653200,1.43780400,1.43780400,0.4947,1.0,10000,4945,4945,0.0,0.0,0.0
ecom,PRED_SHARED,50,10,0.5026,0.55010640,1.38043600,0.27688720,0.5033,0.2006,20000,50260,10052,0.0,0.0,0.0
ecom,PRED_SHARED,50,50,0.4968,0.11082128,1.36496200,0.05555848,0.5013,0.0407,20000,248400,9936,0.0,0.0,0.0
ecom,PRED_SHARED,50,100,0.5044,0.05591064,1.38613000,0.02870260,0.5134,0.0207,20000,504400,10088,0.0,0.0,0.0
ecom,PRED_SHARED,75,1,0.7465,2.90653200,2.16980000,2.16980000,0.7465,1.0,10000,7465,7465,1.0,1.0,1.0
ecom,PRED_SHARED,75,10,0.7473,0.55010640,2.05281400,0.41136280,0.7478,0.2004,20000,74730,14946,0.0,0.0,0.0
ecom,PRED_SHARED,75,50,0.7549,0.11082128,2.07382600,0.08391304,0.7572,0.0405,20000,377450,15098,0.5,0.5,0.5
ecom,PRED_SHARED,75,100,0.7484,0.05591064,2.05581000,0.04209620,0.7529,0.0205,20000,748400,14968,0.5,0.5,0.5
ecom,PRED_SHARED,100,1,1.0,2.90653200,2.90653200,2.90653200,1.0,1.0,10000,10000,10000,0.0,0.0,0.0
ecom,PRED_SHARED,100,10,1.0,0.55010640,2.74653200,0.55010640,1.0,0.2003,20000,100000,20000,0.0,0.0,0.0
ecom,PRED_SHARED,100,50,1.0,0.11082128,2.74653200,0.11082128,1.0,0.0403,20000,500000,20000,0.0,0.0,0.0
ecom,PRED_SHARED,100,100,1.0,0.05591064,2.74653200,0.05591064,1.0,0.0204,20000,1000000,20000,0.0,0.0,0.0
ecom,PRED_DISTINCT,1,1,0.0099,2.90653200,0.02993400,0.02993400,0.0103,1.0,10000,99,99,1.0,1.0,1.0
ecom,PRED_DISTINCT,1,10,0.097,0.55010640,0.02908400,0.02838800,0.0516,0.9761,20000,1022,997,0.6,0.6,0.6
ecom,PRED_DISTINCT,1,50,0.3998,0.11082128,0.02883080,0.02565336,0.2315,0.8898,20000,5073,4492,0.62,0.62,0.62
ecom,PRED_DISTINCT,1,100,0.6347,0.05591064,0.02891450,0.02286604,0.409,0.7908,20000,10167,7963,0.54,0.54,0.54
ecom,PRED_DISTINCT,5,1,0.0508,2.90653200,0.14860600,0.14860600,0.0511,1.0,10000,508,508,1.0,1.0,1.0
ecom,PRED_DISTINCT,5,10,0.4047,0.55010640,0.14009600,0.12677780,0.2305,0.9049,20000,5066,4580,0.4,0.4,0.4
ecom,PRED_DISTINCT,5,50,0.9246,0.11082128,0.13946480,0.08059204,0.7272,0.5779,20000,25215,14493,0.22,0.22,0.22
ecom,PRED_DISTINCT,5,100,0.9953,0.05591064,0.13868522,0.05185816,0.9275,0.3739,20000,50161,18525,0.13,0.13,0.13
ecom,PRED_DISTINCT,10,1,0.0967,2.90653200,0.28184800,0.28184800,0.097,1.0,10000,967,967,0.0,0.0,0.0
ecom,PRED_DISTINCT,10,10,0.6454,0.55010640,0.27216020,0.22377520,0.4068,0.8222,20000,9871,8111,0.2,0.2,0.2
ecom,PRED_DISTINCT,10,50,0.9946,0.11082128,0.27338140,0.10256280,0.9255,0.3752,20000,49627,18495,0.1,0.1,0.1
ecom,PRED_DISTINCT,10,100,1.0,0.05591064,0.27606102,0.05561560,0.9947,0.2015,20000,100158,19893,0.14,0.14,0.14
ecom,PRED_DISTINCT,25,1,0.241,2.90653200,0.70081200,0.70081200,0.2411,1.0,10000,2410,2410,1.0,1.0,1.0
ecom,PRED_DISTINCT,25,10,0.9403,0.55010640,0.68037680,0.41455620,0.7536,0.6093,20000,24759,15069,0.1,0.1,0.1
ecom,PRED_DISTINCT,25,50,1.0,0.11082128,0.68784528,0.11075940,0.9994,0.161,20000,125064,19989,0.16,0.16,0.16
ecom,PRED_DISTINCT,25,100,1.0,0.05591064,0.68911206,0.05591064,1.0,0.0811,20000,250597,20000,0.13,0.13,0.13
ecom,PRED_DISTINCT,50,1,0.5048,2.90653200,1.46746000,1.46746000,0.5049,1.0,10000,5048,5048,0.0,0.0,0.0
ecom,PRED_DISTINCT,50,10,0.9988,0.55010640,1.37275160,0.53179160,0.9667,0.3874,20000,49967,19335,0.1,0.1,0.1
ecom,PRED_DISTINCT,50,50,1.0,0.11082128,1.37282812,0.11082128,1.0,0.0807,20000,249849,20000,0.08,0.08,0.08
ecom,PRED_DISTINCT,50,100,1.0,0.05591064,1.37348080,0.05591064,1.0,0.0407,20000,499921,20000,0.16,0.16,0.16
ecom,PRED_DISTINCT,75,1,0.7458,2.90653200,2.16693600,2.16693600,0.7455,1.0,10000,7458,7458,1.0,1.0,1.0
ecom,PRED_DISTINCT,75,10,1.0,0.55010640,2.06261900,0.54962280,0.9991,0.2665,20000,75098,19982,0.2,0.2,0.2
ecom,PRED_DISTINCT,75,50,1.0,0.11082128,2.06251488,0.11082128,1.0,0.0537,20000,375411,20000,0.08,0.08,0.08
ecom,PRED_DISTINCT,75,100,1.0,0.05591064,2.06061626,0.05591064,1.0,0.0271,20000,750140,20000,0.11,0.11,0.11
ecom,PRED_DISTINCT,100,1,1.0,2.90653200,2.90653200,2.90653200,1.0,1.0,10000,10000,10000,0.0,0.0,0.0
ecom,PRED_DISTINCT,100,10,1.0,0.55010640,2.74653200,0.55010640,1.0,0.2003,20000,100000,20000,0.0,0.0,0.0
ecom,PRED_DISTINCT,100,50,1.0,0.11082128,2.74653200,0.11082128,1.0,0.0403,20000,500000,20000,0.0,0.0,0.0
ecom,PRED_DISTINCT,100,100,1.0,0.05591064,2.74653200,0.05591064,1.0,0.0204,20000,1000000,20000,0.0,0.0,0.0
finproc,PRED_SHARED,1,1,0.0093,2.32316000,0.02263800,0.02263800,0.0097,1.0,10000,93,93,0.0,0.0,0.0
finproc,PRED_SHARED,1,10,0.0097,0.48943200,0.02473800,0.00574760,0.0117,0.2323,20000,970,194,0.5,0.5,0.5
finproc,PRED_SHARED,1,50,0.0112,0.09868640,0.02839000,0.00209560,0.0212,0.0738,20000,5600,224,0.5,0.5,0.5
finproc,PRED_SHARED,1,100,0.0096,0.04984320,0.02456600,0.00147132,0.0295,0.0599,20000,9600,192,0.5,0.5,0.5
finproc,PRED_SHARED,5,1,0.0475,2.32316000,0.11136200,0.11136200,0.0479,1.0,10000,475,475,0.0,0.0,0.0
finproc,PRED_SHARED,5,10,0.0478,0.48943200,0.11759200,0.02431840,0.0497,0.2068,20000,4780,956,0.5,0.5,0.5
finproc,PRED_SHARED,5,50,0.0503,0.09868640,0.12373200,0.00590928,0.0599,0.0478,20000,25150,1006,0.5,0.5,0.5
finproc,PRED_SHARED,5,100,0.0482,0.04984320,0.11860200,0.00335204,0.0673,0.0283,20000,48200,964,0.5,0.5,0.5
finproc,PRED_SHARED,10,1,0.1059,2.32316000,0.24739600,0.24739600,0.1065,1.0,10000,1059,1059,0.0,0.0,0.0
finproc,PRED_SHARED,10,10,0.102,0.48943200,0.25028000,0.05085600,0.1039,0.2032,20000,10200,2040,0.5,0.5,0.5
finproc,PRED_SHARED,10,50,0.093,0.09868640,0.22818600,0.01008744,0.1022,0.0442,20000,46500,1860,0.5,0.5,0.5
finproc,PRED_SHARED,10,100,0.1,0.04984320,0.24500200,0.00588004,0.118,0.024,20000,100000,2000,0.5,0.5,0.5
finproc,PRED_SHARED,25,1,0.2505,2.32316000,0.58229400,0.58229400,0.2506,1.0,10000,2505,2505,0.0,0.0,0.0
finproc,PRED_SHARED,25,10,0.2503,0.48943200,0.61243400,0.12328680,0.2519,0.2013,20000,25030,5006,0.5,0.5,0.5
finproc,PRED_SHARED,25,50,0.2552,0.09868640,0.62429200,0.02593168,0.2628,0.0415,20000,127600,5104,0.5,0.5,0.5
finproc,PRED_SHARED,25,100,0.2527,0.04984320,0.61865000,0.01335300,0.2679,0.0216,20000,252700,5054,0.5,0.5,0.5
finproc,PRED_SHARED,50,1,0.4984,2.32316000,1.15769200,1.15769200,0.4983,1.0,10000,4984,4984,0.0,0.0,0.0
finproc,PRED_SHARED,50,10,0.5126,0.48943200,1.25225600,0.25125120,0.5134,0.2006,20000,51260,10252,0.5,0.5,0.5
finproc,PRED_SHARED,50,50,0.4964,0.09868640,1.21365200,0.04950608,0.5017,0.0408,20000,248200,9928,0.5,0.5,0.5
finproc,PRED_SHARED,50,100,0.4981,0.04984320,1.21790200,0.02533804,0.5084,0.0208,20000,498100,9962,0.5,0.5,0.5
finproc,PRED_SHARED,75,1,0.7534,2.32316000,1.75043200,1.75043200,0.7535,1.0,10000,7534,7534,0.0,0.0,0.0
finproc,PRED_SHARED,75,10,0.7472,0.48943200,1.82627200,0.36605440,0.7479,0.2004,20000,74720,14944,0.5,0.5,0.5
finproc,PRED_SHARED,75,50,0.7483,0.09868640,1.82867200,0.07410688,0.7509,0.0405,20000,374150,14966,0.5,0.5,0.5
finproc,PRED_SHARED,75,100,0.7527,0.04984320,1.83901400,0.03776028,0.7576,0.0205,20000,752700,15054,0.5,0.5,0.5
finproc,PRED_SHARED,100,1,1.0,2.32316000,2.32316000,2.32316000,1.0,1.0,10000,10000,10000,0.0,0.0,0.0
finproc,PRED_SHARED,100,10,1.0,0.48943200,2.44316000,0.48943200,1.0,0.2003,20000,100000,20000,0.5,0.5,0.5
finproc,PRED_SHARED,100,50,1.0,0.09868640,2.44316000,0.09868640,1.0,0.0404,20000,500000,20000,0.5,0.5,0.5
finproc,PRED_SHARED,100,100,1.0,0.04984320,2.44316000,0.04984320,1.0,0.0204,20000,1000000,20000,0.5,0.5,0.5
finproc,PRED_DISTINCT,1,1,0.0089,2.32316000,0.02165600,0.02165600,0.0093,1.0,10000,89,89,0.0,0.0,0.0
finproc,PRED_DISTINCT,1,10,0.0954,0.48943200,0.02546480,0.02490200,0.0509,0.9779,20000,1001,978,0.5,0.5,0.5
finproc,PRED_DISTINCT,1,50,0.3975,0.09868640,0.02555652,0.02296052,0.2327,0.8984,20000,5024,4492,0.5,0.5,0.5
finproc,PRED_DISTINCT,1,100,0.638,0.04984320,0.02560844,0.02059892,0.4133,0.8044,20000,10073,8021,0.51,0.51,0.51
finproc,PRED_DISTINCT,5,1,0.0489,2.32316000,0.11470000,0.11470000,0.0494,1.0,10000,489,489,0.0,0.0,0.0
finproc,PRED_DISTINCT,5,10,0.402,0.48943200,0.12262100,0.11090520,0.2266,0.9045,20000,4985,4503,0.5,0.5,0.5
finproc,PRED_DISTINCT,5,50,0.9254,0.09868640,0.12295576,0.07168724,0.7264,0.583,20000,24971,14471,0.5,0.5,0.5
finproc,PRED_DISTINCT,5,100,0.994,0.04984320,0.12311938,0.04594798,0.9219,0.3732,20000,49996,18404,0.5,0.5,0.5
finproc,PRED_DISTINCT,10,1,0.0994,2.32316000,0.23206800,0.23206800,0.0999,1.0,10000,994,994,0.0,0.0,0.0
finproc,PRED_DISTINCT,10,10,0.6569,0.48943200,0.24861940,0.20279560,0.4143,0.8157,20000,10140,8266,0.5,0.5,0.5
finproc,PRED_DISTINCT,10,50,0.9944,0.09868640,0.24459312,0.09173004,0.9295,0.375,20000,49876,18574,0.5,0.5,0.5
finproc,PRED_DISTINCT,10,100,0.9999,0.04984320,0.24403994,0.04955150,0.9941,0.203,20000,99498,19881,0.5,0.5,0.5
finproc,PRED_DISTINCT,25,1,0.2525,2.32316000,0.58642400,0.58642400,0.2524,1.0,10000,2525,2525,0.0,0.0,0.0
finproc,PRED_DISTINCT,25,10,0.943,0.48943200,0.60817200,0.37276880,0.7616,0.6129,20000,24865,15223,0.5,0.5,0.5
finproc,PRED_DISTINCT,25,50,1.0,0.09868640,0.61008180,0.09858464,0.999,0.1616,20000,124684,19979,0.5,0.5,0.5
finproc,PRED_DISTINCT,25,100,1.0,0.04984320,0.61069288,0.04984320,1.0,0.0816,20000,249635,20000,0.5,0.5,0.5
finproc,PRED_DISTINCT,50,1,0.5018,2.32316000,1.16725800,1.16725800,0.5024,1.0,10000,5018,5018,0.0,0.0,0.0
finproc,PRED_DISTINCT,50,10,0.9991,0.48943200,1.22327000,0.47415420,0.9688,0.3876,20000,50035,19373,0.5,0.5,0.5
finproc,PRED_DISTINCT,50,50,1.0,0.09868640,1.22324684,0.09868640,1.0,0.0807,20000,250278,20000,0.5,0.5,0.5
finproc,PRED_DISTINCT,50,100,1.0,0.04984320,1.22134082,0.04984320,1.0,0.0408,20000,499672,20000,0.5,0.5,0.5
finproc,PRED_DISTINCT,75,1,0.76,2.32316000,1.76596800,1.76596800,0.7602,1.0,10000,7600,7600,0.0,0.0,0.0
finproc,PRED_DISTINCT,75,10,1.0,0.48943200,1.82533140,0.48899360,0.9991,0.2679,20000,74691,19982,0.5,0.5,0.5
finproc,PRED_DISTINCT,75,50,1.0,0.09868640,1.83206116,0.09868640,1.0,0.0539,20000,374895,20000,0.5,0.5,0.5
finproc,PRED_DISTINCT,75,100,1.0,0.04984320,1.83254938,0.04984320,1.0,0.0272,20000,749980,20000,0.5,0.5,0.5
finproc,PRED_DISTINCT,100,1,1.0,2.32316000,2.32316000,2.32316000,1.0,1.0,10000,10000,10000,0.0,0.0,0.0
finproc,PRED_DISTINCT,100,10,1.0,0.48943200,2.44316000,0.48943200,1.0,0.2003,20000,100000,20000,0.5,0.5,0.5
finproc,PRED_DISTINCT,100,50,1.0,0.09868640,2.44316000,0.09868640,1.0,0.0404,20000,500000,20000,0.5,0.5,0.5
finproc,PRED_DISTINCT,100,100,1.0,0.04984320,2.44316000,0.04984320,1.0,0.0204,20000,1000000,20000,0.5,0.5,0.5
