row_id,payload_len,pt,ct,backend,latency_ms,pred,oracle,correct
ECOM-00486,38,79,8,glm_key0,1822.3,refund_request,refund_request,1
ECOM-08184,39,79,8,glm_key0,1827.9,refund_request,refund_request,1
ECOM-04068,40,81,8,glm_key0,1821.5,refund_request,refund_request,1
ECOM-08818,40,79,8,glm_key0,1821.8,refund_request,refund_request,1
ECOM-04852,41,79,8,glm_key0,1822.0,refund_request,refund_request,1
ECOM-00718,42,80,8,glm_key0,1822.6,refund_request,refund_request,1
ECOM-06634,42,79,8,glm_key0,1822.0,refund_request,refund_request,1
ECOM-07036,43,80,8,glm_key0,1834.0,refund_request,refund_request,1
ECOM-05384,46,82,8,glm_key0,388.6,refund_request,refund_request,1
ECOM-03918,48,85,12,glm_key0,444.1,refund_request,refund_request,1
ECOM-00766,49,85,8,glm_key0,358.5,address_change,address_change,1
ECOM-01741,49,86,8,glm_key0,404.7,address_change,address_change,1
ECOM-02741,49,86,8,glm_key0,395.7,address_change,address_change,1
ECOM-03705,49,86,8,glm_key0,397.6,address_change,address_change,1
ECOM-04698,49,86,8,glm_key0,395.7,address_change,address_change,1
ECOM-05707,49,85,8,glm_key0,373.6,address_change,address_change,1
ECOM-06691,49,85,8,glm_key0,412.4,address_change,address_change,1
ECOM-07714,49,86,8,glm_key0,453.2,address_change,address_change,1
ECOM-08764,49,84,8,glm_key0,365.2,address_change,address_change,1
ECOM-09780,49,85,8,glm_key0,386.8,address_change,address_change,1
ECOM-00716,50,86,8,glm_key0,438.0,address_change,address_change,1
ECOM-01816,50,87,8,glm_key0,387.1,address_change,address_change,1
ECOM-02905,50,85,8,glm_key0,406.6,address_change,address_change,1
ECOM-03939,50,87,8,glm_key0,369.1,address_change,address_change,1
ECOM-00486,38,,,,,,,
ECOM-08184,39,,,,,,,
ECOM-04068,40,,,,,,,
ECOM-08818,40,,,,,,,
ECOM-04852,41,,,,,,,
ECOM-00718,42,,,,,,,
ECOM-06634,42,,,,,,,
ECOM-07036,43,,,,,,,
ECOM-05384,46,,,,,,,
ECOM-03918,48,,,,,,,
ECOM-00766,49,,,,,,,
ECOM-01741,49,,,,,,,
ECOM-02741,49,,,,,,,
ECOM-03705,49,,,,,,,
ECOM-04698,49,,,,,,,
ECOM-05707,49,,,,,,,
ECOM-06691,49,,,,,,,
ECOM-07714,49,,,,,,,
ECOM-08764,49,,,,,,,
ECOM-09780,49,,,,,,,
ECOM-00716,50,,,,,,,
ECOM-01816,50,,,,,,,
ECOM-02905,50,,,,,,,
ECOM-03939,50,,,,,,,
