quantile,domain,variant,native_char_count,char_count,input_tokens,output_tokens,total_tokens,cost,accuracy,latency_ms
10,ecom,native,50,50,87,8,95,3.056e-05,1,499.5
10,ecom,augmented,50,136,143,8,151,3.952e-05,1,502.1
10,ecom,native,49,49,85,8,93,3.024e-05,1,506.9
10,ecom,augmented,49,135,141,8,149,3.92e-05,1,465.8
10,ecom,native,54,54,87,11,98,3.656e-05,1,477.5
10,ecom,augmented,54,140,143,7,150,3.752e-05,1,421.9
10,ecom,native,54,54,90,8,98,3.104e-05,1,423.0
10,ecom,augmented,54,140,146,8,154,4e-05,1,424.0
10,ecom,native,50,50,87,8,95,3.056e-05,1,401.6
10,ecom,augmented,50,136,143,8,151,3.952e-05,1,395.6
10,ecom,native,50,50,85,8,93,3.024e-05,1,363.2
10,ecom,augmented,50,136,141,8,149,3.92e-05,1,373.0
10,ecom,native,43,43,80,8,88,2.944e-05,1,326.9
10,ecom,augmented,43,129,136,12,148,4.64e-05,1,350.7
10,ecom,native,50,50,85,8,93,3.024e-05,1,312.5
10,ecom,augmented,50,136,141,8,149,3.92e-05,1,319.3
10,ecom,native,53,53,90,8,98,3.104e-05,1,308.0
10,ecom,augmented,53,139,146,12,158,4.8e-05,1,338.3
10,ecom,native,54,54,88,11,99,3.672e-05,1,330.9
10,ecom,augmented,54,140,144,11,155,4.568e-05,1,321.3
10,ecom,native,49,49,86,8,94,3.04e-05,1,299.0
10,ecom,augmented,49,135,142,8,150,3.936e-05,1,292.2
10,ecom,native,49,49,86,8,94,3.04e-05,1,299.6
10,ecom,augmented,49,135,142,8,150,3.936e-05,1,293.9
25,ecom,native,50,50,87,8,95,3.056e-05,1,322.8
25,ecom,augmented,50,222,199,8,207,4.848e-05,1,316.9
25,ecom,native,49,49,85,8,93,3.024e-05,1,309.1
25,ecom,augmented,49,221,197,12,209,5.616e-05,1,339.4
25,ecom,native,56,56,88,12,100,3.872e-05,1,344.5
25,ecom,augmented,56,228,200,8,208,4.864e-05,1,304.3
25,ecom,native,55,55,87,8,95,3.056e-05,1,301.7
25,ecom,augmented,55,227,199,8,207,4.848e-05,1,301.3
25,ecom,native,54,54,87,11,98,3.656e-05,1,321.6
25,ecom,augmented,54,226,199,7,206,4.648e-05,1,280.9
25,ecom,native,54,54,90,8,98,3.104e-05,1,283.7
25,ecom,augmented,54,226,202,12,214,5.696e-05,1,322.1
25,ecom,native,50,50,87,8,95,3.056e-05,1,548.8
25,ecom,augmented,50,222,199,8,207,4.848e-05,1,531.6
25,ecom,native,50,50,85,8,93,3.024e-05,1,545.1
25,ecom,augmented,50,222,197,12,209,5.616e-05,1,569.6
25,ecom,native,56,56,88,11,99,3.672e-05,1,557.9
25,ecom,augmented,56,228,200,11,211,5.464e-05,1,555.2
25,ecom,native,56,56,89,12,101,3.888e-05,1,564.4
25,ecom,augmented,56,228,201,12,213,5.68e-05,1,583.9
25,ecom,native,56,56,87,11,98,3.656e-05,1,550.9
25,ecom,augmented,56,228,199,7,206,4.648e-05,1,533.2
25,ecom,native,50,50,85,8,93,3.024e-05,1,495.2
25,ecom,augmented,50,222,197,8,205,4.816e-05,1,512.2
50,ecom,native,61,61,90,11,101,3.704e-05,1,578.7
50,ecom,augmented,61,362,286,11,297,6.84e-05,1,566.0
50,ecom,native,58,58,89,8,97,3.088e-05,1,532.7
50,ecom,augmented,58,359,285,8,293,6.224e-05,1,520.1
50,ecom,native,60,60,92,8,100,3.136e-05,1,519.3
50,ecom,augmented,60,361,288,12,300,7.072e-05,1,553.0
50,ecom,native,56,56,88,12,100,3.872e-05,1,600.3
50,ecom,augmented,56,357,284,12,296,7.008e-05,1,587.0
50,ecom,native,63,63,95,11,106,3.784e-05,1,537.6
50,ecom,augmented,63,321,263,11,274,6.472e-05,1,529.3
50,ecom,native,55,55,87,8,95,3.056e-05,1,494.6
50,ecom,augmented,55,356,283,12,295,6.992e-05,1,517.8
50,ecom,native,54,54,87,11,98,3.656e-05,1,672.2
50,ecom,augmented,54,355,283,11,294,6.792e-05,1,676.9
50,ecom,native,54,54,90,8,98,3.104e-05,1,631.9
50,ecom,augmented,54,355,286,8,294,6.24e-05,1,641.7
50,ecom,native,56,56,88,7,95,2.872e-05,1,609.9
50,ecom,augmented,56,357,284,11,295,6.808e-05,1,674.3
50,ecom,native,56,56,89,12,101,3.888e-05,1,659.7
50,ecom,augmented,56,357,285,12,297,7.024e-05,1,662.5
50,ecom,native,56,56,87,11,98,3.656e-05,1,667.9
50,ecom,augmented,56,357,283,11,294,6.792e-05,1,670.6
50,ecom,native,53,53,90,8,98,3.104e-05,1,562.0
50,ecom,augmented,53,354,286,8,294,6.24e-05,1,560.2
75,ecom,native,61,61,90,11,101,3.704e-05,1,615.1
75,ecom,augmented,61,491,370,11,381,8.184e-05,1,609.5
75,ecom,native,58,58,89,8,97,3.088e-05,1,517.4
75,ecom,augmented,58,488,369,12,381,8.368e-05,1,624.7
75,ecom,native,60,60,92,8,100,3.136e-05,1,510.2
75,ecom,augmented,60,490,372,12,384,8.416e-05,1,1047.4
75,ecom,native,56,56,88,8,96,3.072e-05,1,481.6
75,ecom,augmented,56,486,368,12,380,8.352e-05,1,967.0
75,ecom,native,63,63,95,11,106,3.784e-05,1,889.5
75,ecom,augmented,63,493,375,11,386,8.264e-05,1,582.8
75,ecom,native,55,55,87,8,95,3.056e-05,1,494.3
75,ecom,augmented,55,485,367,12,379,8.336e-05,1,544.3
75,ecom,native,56,56,88,11,99,3.672e-05,1,608.9
75,ecom,augmented,56,486,368,11,379,8.152e-05,1,610.2
75,ecom,native,56,56,89,12,101,3.888e-05,1,630.9
75,ecom,augmented,56,486,369,12,381,8.368e-05,1,587.4
75,ecom,native,56,56,87,11,98,3.656e-05,1,512.2
75,ecom,augmented,56,486,367,11,378,8.136e-05,1,547.5
75,ecom,native,66,66,97,8,105,3.216e-05,1,462.3
75,ecom,augmented,66,496,377,12,389,8.496e-05,1,512.5
75,ecom,native,65,65,95,13,108,4.184e-05,1,500.2
75,ecom,augmented,65,495,375,13,388,8.664e-05,1,598.9
75,ecom,native,61,61,91,8,99,3.12e-05,1,464.7
75,ecom,augmented,61,491,371,12,383,8.4e-05,1,743.1
90,ecom,native,69,69,98,13,111,4.232e-05,1,747.4
90,ecom,augmented,69,714,518,13,531,0.00010952,1,705.4
90,ecom,native,61,61,90,11,101,3.704e-05,1,672.4
90,ecom,augmented,61,706,510,11,521,0.00010424,1,680.5
90,ecom,native,60,60,92,8,100,3.136e-05,1,609.3
90,ecom,augmented,60,705,512,12,524,0.00010656,1,714.2
90,ecom,native,69,69,98,13,111,4.232e-05,1,718.3
90,ecom,augmented,69,714,518,13,531,0.00010952,1,713.6
90,ecom,native,63,63,95,11,106,3.784e-05,1,641.7
90,ecom,augmented,63,708,515,11,526,0.00010504,1,359.0
90,ecom,native,71,71,101,13,114,4.28e-05,1,343.0
90,ecom,augmented,71,716,521,13,534,0.00011,1,650.9
90,ecom,native,66,66,97,8,105,3.216e-05,1,487.9
90,ecom,augmented,66,711,517,12,529,0.00010736,1,588.3
90,ecom,native,65,65,95,13,108,4.184e-05,1,596.2
90,ecom,augmented,65,710,515,13,528,0.00010904,1,585.4
90,ecom,native,71,71,99,9,108,3.448e-05,1,531.8
90,ecom,augmented,71,716,519,13,532,0.00010968,1,575.2
90,ecom,native,61,61,91,8,99,3.12e-05,1,439.5
90,ecom,augmented,61,706,511,12,523,0.0001064,1,743.3
90,ecom,native,64,64,95,8,103,3.184e-05,1,423.2
90,ecom,augmented,64,709,515,12,527,0.00010704,1,746.3
90,ecom,native,59,59,91,12,103,3.92e-05,1,498.6
90,ecom,augmented,59,704,511,12,523,0.0001064,1,666.8
99,ecom,native,69,69,98,13,111,4.232e-05,1,688.8
99,ecom,augmented,69,1101,770,13,783,0.00014984,1,689.8
99,ecom,native,69,69,98,13,111,4.232e-05,1,605.9
99,ecom,augmented,69,1101,770,13,783,0.00014984,1,588.5
99,ecom,native,72,72,98,9,107,3.432e-05,1,523.9
99,ecom,augmented,72,1104,770,13,783,0.00014984,1,598.4
99,ecom,native,71,71,101,13,114,4.28e-05,1,592.7
99,ecom,augmented,71,1103,773,13,786,0.00015032,1,603.0
99,ecom,native,71,71,99,9,108,3.448e-05,1,575.2
99,ecom,augmented,71,1103,771,13,784,0.00015,1,417.7
99,ecom,native,72,72,97,13,110,4.216e-05,1,416.2
99,ecom,augmented,72,1104,769,13,782,0.00014968,1,703.1
99,ecom,native,68,68,96,9,105,3.4e-05,1,605.1
99,ecom,augmented,68,1100,768,13,781,0.00014952,1,653.8
99,ecom,native,69,69,99,13,112,4.248e-05,1,640.0
99,ecom,augmented,69,1101,771,13,784,0.00015,1,644.3
99,ecom,native,79,79,103,9,112,3.512e-05,1,616.7
99,ecom,augmented,79,1111,775,13,788,0.00015064,1,657.7
99,ecom,native,68,68,99,13,112,4.248e-05,1,624.7
99,ecom,augmented,68,1100,771,13,784,0.00015,1,653.2
99,ecom,native,71,71,96,13,109,4.2e-05,1,607.7
99,ecom,augmented,71,1103,768,13,781,0.00014952,1,623.4
99,ecom,native,71,71,96,13,109,4.2e-05,1,609.0
99,ecom,augmented,71,1103,768,13,781,0.00014952,1,268.8
