domain,s,reuse,pattern,breadth,A,C_workload_scope,C_cell_scope,C_lru_10pct,C_lru_1pct,ratio_workload,ratio_cell,ratio_lru_10pct,ratio_lru_1pct,evictions_lru_10pct,evictions_lru_1pct,rows_rebuilt_lru_1pct
ecom,1,1,PRED_SHARED,2,5.194296,0.053362,0.053362,0.053362,0.053362,0.0103,0.0103,0.0103,0.0103,0,6,206
ecom,1,1,PRED_DISTINCT,2,5.194296,0.042781,0.042781,0.042781,0.042781,0.0082,0.0082,0.0082,0.0082,0,0,164
ecom,1,1,PRED_NESTED,2,5.194296,0.053362,0.053362,0.053362,0.053362,0.0103,0.0103,0.0103,0.0103,0,6,206
ecom,1,1,PRED_OVERLAP,2,5.194296,0.050206,0.050206,0.050206,0.050206,0.0097,0.0097,0.0097,0.0097,0,0,194
ecom,1,1,PRED_MUTEX,2,5.194296,0.051796,0.051796,0.051796,0.051796,0.01,0.01,0.01,0.01,0,0,200
ecom,1,10,PRED_SHARED,2,5.195016,0.054082,0.533618,0.054082,0.533618,0.0104,0.1027,0.0104,0.1027,0,1860,2060
ecom,1,10,PRED_DISTINCT,2,5.195016,0.467895,0.491322,0.467895,0.488709,0.0901,0.0946,0.0901,0.0941,0,1678,1878
ecom,1,10,PRED_NESTED,2,5.195016,0.100019,0.537998,0.100019,0.426229,0.0193,0.1036,0.0193,0.082,0,1441,1641
ecom,1,10,PRED_OVERLAP,2,5.195016,0.267597,0.508663,0.267597,0.363143,0.0515,0.0979,0.0515,0.0699,0,1198,1398
ecom,1,10,PRED_MUTEX,2,5.195016,0.519792,0.519792,0.519792,0.519792,0.1001,0.1001,0.1001,0.1001,0,1800,2000
ecom,1,50,PRED_SHARED,2,5.198216,0.057282,2.66809,0.057282,2.66809,0.011,0.5133,0.011,0.5133,0,10100,10300
ecom,1,50,PRED_DISTINCT,2,5.198216,2.039122,2.573098,2.355711,2.562095,0.3923,0.495,0.4532,0.4929,7050,9644,9844
ecom,1,50,PRED_NESTED,2,5.198216,0.114107,2.688771,0.114107,2.107313,0.022,0.5172,0.022,0.4054,0,7913,8113
ecom,1,50,PRED_OVERLAP,2,5.198216,1.133558,2.541745,1.178086,1.666022,0.2181,0.489,0.2266,0.3205,2526,6206,6406
ecom,1,50,PRED_MUTEX,2,5.198216,2.601196,2.601196,2.601196,2.601196,0.5004,0.5004,0.5004,0.5004,8000,9800,10000
ecom,1,100,PRED_SHARED,2,5.202216,0.061282,5.33618,0.061282,5.33618,0.0118,1.0258,0.0118,1.0258,0,20400,20600
ecom,1,100,PRED_DISTINCT,2,5.202216,3.278069,5.153546,4.7008,5.129002,0.6301,0.9906,0.9036,0.9859,16066,19514,19714
ecom,1,100,PRED_NESTED,2,5.202216,0.118107,5.373621,0.118107,4.252551,0.0227,1.0329,0.0227,0.8174,0,16173,16373
ecom,1,100,PRED_OVERLAP,2,5.202216,2.038859,5.120305,2.344833,3.406708,0.3919,0.9843,0.4507,0.6549,7001,12889,13089
ecom,1,100,PRED_MUTEX,2,5.202216,5.202216,5.202216,5.202216,5.202216,1.0,1.0,1.0,1.0,18000,19800,20000
ecom,10,1,PRED_SHARED,2,5.194296,0.529243,0.529243,0.529243,0.529243,0.1019,0.1019,0.1019,0.1019,38,1838,2038
ecom,10,1,PRED_DISTINCT,2,5.194296,0.509997,0.509997,0.509997,0.509997,0.0982,0.0982,0.0982,0.0982,0,1764,1964
ecom,10,1,PRED_NESTED,2,5.194296,0.529243,0.529243,0.529243,0.529243,0.1019,0.1019,0.1019,0.1019,38,1838,2038
ecom,10,1,PRED_OVERLAP,2,5.194296,0.509953,0.509953,0.509953,0.509953,0.0982,0.0982,0.0982,0.0982,0,1762,1962
ecom,10,1,PRED_MUTEX,2,5.194296,0.519512,0.519512,0.519512,0.519512,0.1,0.1,0.1,0.1,0,1800,2000
ecom,10,10,PRED_SHARED,2,5.195016,0.529963,5.292434,5.292434,5.292434,0.102,1.0188,1.0188,1.0188,18380,20180,20380
ecom,10,10,PRED_DISTINCT,2,5.195016,3.402469,5.228635,5.04161,5.228635,0.6549,1.0065,0.9705,1.0065,17411,19930,20130
ecom,10,10,PRED_NESTED,2,5.195016,0.970332,5.374424,4.208282,5.374424,0.1868,1.0345,0.8101,1.0345,14200,20492,20692
ecom,10,10,PRED_OVERLAP,2,5.195016,2.293672,5.247694,4.417831,5.247694,0.4415,1.0101,0.8504,1.0101,15002,19994,20194
ecom,10,10,PRED_MUTEX,2,5.195016,5.195016,5.195016,5.195016,5.195016,1.0,1.0,1.0,1.0,18000,19800,20000
ecom,10,50,PRED_SHARED,2,5.198216,0.533163,26.46217,26.46217,26.46217,0.1026,5.0906,5.0906,5.0906,99900,101700,101900
ecom,10,50,PRED_DISTINCT,2,5.198216,5.169859,26.111023,24.891972,26.111023,0.9945,5.0231,4.7886,5.0231,93808,100302,100502
ecom,10,50,PRED_NESTED,2,5.198216,1.052503,26.85739,20.456217,26.817492,0.2025,5.1667,3.9352,5.159,76753,103052,103252
ecom,10,50,PRED_OVERLAP,2,5.198216,4.831934,26.167735,21.294731,26.167735,0.9295,5.034,4.0965,5.034,79964,100516,100716
ecom,10,50,PRED_MUTEX,2,5.198216,5.198216,5.198216,5.198216,5.198216,1.0,1.0,1.0,1.0,18000,19800,20000
ecom,10,100,PRED_SHARED,2,5.202216,0.537163,52.92434,52.92434,52.92434,0.1033,10.1734,10.1734,10.1734,201800,203600,203800
ecom,10,100,PRED_DISTINCT,2,5.202216,5.202216,52.272503,50.097094,52.272503,1.0,10.0481,9.63,10.0481,190843,201022,201222
ecom,10,100,PRED_NESTED,2,5.202216,1.06593,53.730986,40.855384,53.636868,0.2049,10.3285,7.8535,10.3104,155285,206309,206509
ecom,10,100,PRED_OVERLAP,2,5.202216,5.173876,52.15912,39.935323,52.15912,0.9946,10.0263,7.6766,10.0263,151721,200560,200760
ecom,10,100,PRED_MUTEX,2,5.202216,5.202216,5.202216,5.202216,5.202216,1.0,1.0,1.0,1.0,18000,19800,20000
ecom,50,1,PRED_SHARED,2,5.194296,2.572883,2.572883,2.572883,2.572883,0.4953,0.4953,0.4953,0.4953,7904,9704,9904
ecom,50,1,PRED_DISTINCT,2,5.194296,2.670008,2.670008,2.670008,2.670008,0.514,0.514,0.514,0.514,8280,10080,10280
ecom,50,1,PRED_NESTED,2,5.194296,2.572883,2.572883,2.572883,2.572883,0.4953,0.4953,0.4953,0.4953,7904,9704,9904
ecom,50,1,PRED_OVERLAP,2,5.194296,2.288653,2.288653,2.288653,2.288653,0.4406,0.4406,0.4406,0.4406,6816,8616,8816
ecom,50,1,PRED_MUTEX,2,5.194296,2.597072,2.597072,2.597072,2.597072,0.5,0.5,0.5,0.5,8000,9800,10000
ecom,50,10,PRED_SHARED,2,5.195016,2.573603,25.728832,25.728832,25.728832,0.4954,4.9526,4.9526,4.9526,97040,98840,99040
ecom,50,10,PRED_DISTINCT,2,5.195016,5.19138,26.144972,26.144972,26.144972,0.9993,5.0327,5.0327,5.0327,98652,100452,100652
ecom,50,10,PRED_NESTED,2,5.195016,4.713136,25.939487,25.900088,25.939487,0.9072,4.9931,4.9856,4.9931,97726,99678,99878
ecom,50,10,PRED_OVERLAP,2,5.195016,4.976987,22.710306,22.710306,22.710306,0.958,4.3716,4.3716,4.3716,85446,87246,87446
ecom,50,10,PRED_MUTEX,2,5.195016,5.195016,5.195016,5.195016,5.195016,1.0,1.0,1.0,1.0,18000,19800,20000
ecom,50,50,PRED_SHARED,2,5.198216,2.576803,128.64416,128.64416,128.64416,0.4957,24.7478,24.7478,24.7478,493200,495000,495200
ecom,50,50,PRED_DISTINCT,2,5.198216,5.198216,129.92493,129.92493,129.92493,1.0,24.9941,24.9941,24.9941,498274,500074,500274
ecom,50,50,PRED_NESTED,2,5.198216,5.097276,129.797735,128.719101,129.797735,0.9806,24.9697,24.7622,24.9697,493604,499558,499758
ecom,50,50,PRED_OVERLAP,2,5.198216,5.198216,113.853871,113.853871,113.853871,1.0,21.9025,21.9025,21.9025,436438,438238,438438
ecom,50,50,PRED_MUTEX,2,5.198216,5.198216,5.198216,5.198216,5.198216,1.0,1.0,1.0,1.0,18000,19800,20000
ecom,50,100,PRED_SHARED,2,5.202216,2.580803,257.28832,257.28832,257.28832,0.4961,49.4574,49.4574,49.4574,988400,990200,990400
ecom,50,100,PRED_DISTINCT,2,5.202216,5.202216,259.627191,259.627191,259.627191,1.0,49.907,49.907,49.907,997638,999438,999638
ecom,50,100,PRED_NESTED,2,5.202216,5.154809,259.553254,257.179603,259.553254,0.9909,49.8928,49.4365,49.8928,988213,999154,999354
ecom,50,100,PRED_OVERLAP,2,5.202216,5.202216,227.622735,227.622735,227.622735,1.0,43.755,43.755,43.755,874516,876316,876516
ecom,50,100,PRED_MUTEX,2,5.202216,5.202216,5.202216,5.202216,5.202216,1.0,1.0,1.0,1.0,18000,19800,20000
ecom,100,1,PRED_SHARED,2,5.194298,5.194298,5.194298,5.194298,5.194298,1.0,1.0,1.0,1.0,18000,19800,20000
ecom,100,1,PRED_DISTINCT,2,5.194298,5.194298,5.194298,5.194298,5.194298,1.0,1.0,1.0,1.0,18000,19800,20000
ecom,100,1,PRED_NESTED,2,5.194298,5.194298,5.194298,5.194298,5.194298,1.0,1.0,1.0,1.0,18000,19800,20000
ecom,100,1,PRED_OVERLAP,2,5.194296,3.896921,3.896921,3.896921,3.896921,0.7502,0.7502,0.7502,0.7502,13004,14804,15004
ecom,100,1,PRED_MUTEX,2,5.194298,5.194298,5.194298,5.194298,5.194298,1.0,1.0,1.0,1.0,18000,19800,20000
ecom,100,10,PRED_SHARED,2,5.195036,5.195036,51.94298,51.94298,51.94298,1.0,9.9986,9.9986,9.9986,198000,199800,200000
ecom,100,10,PRED_DISTINCT,2,5.195036,5.195036,51.94298,51.94298,51.94298,1.0,9.9986,9.9986,9.9986,198000,199800,200000
ecom,100,10,PRED_NESTED,2,5.195026,5.195026,40.121715,40.121715,40.121715,1.0,7.7231,7.7231,7.7231,152484,154284,154484
ecom,100,10,PRED_OVERLAP,2,5.195016,5.190915,38.838935,38.838935,38.838935,0.9992,7.4762,7.4762,7.4762,147530,149330,149530
ecom,100,10,PRED_MUTEX,2,5.195016,5.195016,5.195016,5.195016,5.195016,1.0,1.0,1.0,1.0,18000,19800,20000
ecom,100,50,PRED_SHARED,2,5.198316,5.198316,259.7149,259.7149,259.7149,1.0,49.9614,49.9614,49.9614,998000,999800,1000000
ecom,100,50,PRED_DISTINCT,2,5.198316,5.198316,259.7149,259.7149,259.7149,1.0,49.9614,49.9614,49.9614,998000,999800,1000000
ecom,100,50,PRED_NESTED,2,5.198266,5.198266,196.055487,195.653078,196.055487,1.0,37.7156,37.6381,37.7156,751332,754682,754882
ecom,100,50,PRED_OVERLAP,2,5.198216,5.198216,194.255762,194.255762,194.255762,1.0,37.3697,37.3697,37.3697,745912,747712,747912
ecom,100,50,PRED_MUTEX,2,5.198216,5.198216,5.198216,5.198216,5.198216,1.0,1.0,1.0,1.0,18000,19800,20000
ecom,100,100,PRED_SHARED,2,5.202416,5.202416,519.4298,519.4298,519.4298,1.0,99.844,99.844,99.844,1998000,1999800,2000000
ecom,100,100,PRED_DISTINCT,2,5.202416,5.202416,519.4298,519.4298,519.4298,1.0,99.844,99.844,99.844,1998000,1999800,2000000
ecom,100,100,PRED_NESTED,2,5.202316,5.202316,390.772839,389.720447,390.772839,1.0,75.1152,74.9129,75.1152,1498558,1504410,1504610
ecom,100,100,PRED_OVERLAP,2,5.202216,5.202216,388.427359,388.427359,388.427359,1.0,74.6658,74.6658,74.6658,1493518,1495318,1495518
ecom,100,100,PRED_MUTEX,2,5.202216,5.202216,5.202216,5.202216,5.202216,1.0,1.0,1.0,1.0,18000,19800,20000
finproc,1,1,PRED_SHARED,2,4.4904,0.043786,0.043786,0.043786,0.043786,0.0098,0.0098,0.0098,0.0098,0,0,194
finproc,1,1,PRED_DISTINCT,2,4.4904,0.042472,0.042472,0.042472,0.042472,0.0095,0.0095,0.0095,0.0095,0,0,188
finproc,1,1,PRED_NESTED,2,4.4904,0.043786,0.043786,0.043786,0.043786,0.0098,0.0098,0.0098,0.0098,0,0,194
finproc,1,1,PRED_OVERLAP,2,4.4904,0.050671,0.050671,0.050671,0.050671,0.0113,0.0113,0.0113,0.0113,0,24,224
finproc,1,1,PRED_MUTEX,2,4.4904,0.044952,0.044952,0.044952,0.044952,0.01,0.01,0.01,0.01,0,0,200
finproc,1,10,PRED_SHARED,2,4.49112,0.044506,0.437862,0.044506,0.044506,0.0099,0.0975,0.0099,0.0099,0,0,194
finproc,1,10,PRED_DISTINCT,2,4.49112,0.421346,0.443472,0.421346,0.439244,0.0938,0.0987,0.0938,0.0978,0,1754,1954
finproc,1,10,PRED_NESTED,2,4.49112,0.087143,0.465331,0.087143,0.354784,0.0194,0.1036,0.0194,0.079,0,1366,1566
finproc,1,10,PRED_OVERLAP,2,4.49112,0.258572,0.486607,0.258572,0.471875,0.0576,0.1083,0.0576,0.1051,0,1899,2099
finproc,1,10,PRED_MUTEX,2,4.49112,0.450004,0.450004,0.450004,0.450004,0.1002,0.1002,0.1002,0.1002,0,1800,2000
finproc,1,50,PRED_SHARED,2,4.49432,0.047706,2.18931,0.047706,0.047706,0.0106,0.4871,0.0106,0.0106,0,0,194
finproc,1,50,PRED_DISTINCT,2,4.49432,1.775719,2.256005,2.053102,2.240591,0.3951,0.502,0.4568,0.4985,7126,9762,9962
finproc,1,50,PRED_NESTED,2,4.49432,0.096828,2.32716,0.096828,1.725704,0.0215,0.5178,0.0215,0.384,0,7443,7643
finproc,1,50,PRED_OVERLAP,2,4.49432,0.990994,2.328178,1.029649,1.941252,0.2205,0.518,0.2291,0.4319,2564,8408,8608
finproc,1,50,PRED_MUTEX,2,4.49432,2.2484,2.2484,2.2484,2.2484,0.5003,0.5003,0.5003,0.5003,8000,9800,10000
finproc,1,100,PRED_SHARED,2,4.49832,0.051706,4.37862,0.051706,0.051706,0.0115,0.9734,0.0115,0.0115,0,0,194
finproc,1,100,PRED_DISTINCT,2,4.49832,2.844723,4.48502,4.072154,4.460223,0.6324,0.997,0.9053,0.9915,16105,19636,19836
finproc,1,100,PRED_NESTED,2,4.49832,0.100828,4.649581,0.100828,3.373044,0.0224,1.0336,0.0224,0.7498,0,14749,14949
finproc,1,100,PRED_OVERLAP,2,4.49832,1.760932,4.68842,2.042005,4.006593,0.3915,1.0423,0.4539,0.8907,7053,17561,17761
finproc,1,100,PRED_MUTEX,2,4.49832,4.49832,4.49832,4.49832,4.49832,1.0,1.0,1.0,1.0,18000,19800,20000
finproc,10,1,PRED_SHARED,2,4.4904,0.449148,0.449148,0.449148,0.449148,0.1,0.1,0.1,0.1,0,1800,2000
finproc,10,1,PRED_DISTINCT,2,4.4904,0.434549,0.434549,0.434549,0.434549,0.0968,0.0968,0.0968,0.0968,0,1736,1936
finproc,10,1,PRED_NESTED,2,4.4904,0.449148,0.449148,0.449148,0.449148,0.1,0.1,0.1,0.1,0,1800,2000
finproc,10,1,PRED_OVERLAP,2,4.4904,0.479677,0.479677,0.479677,0.479677,0.1068,0.1068,0.1068,0.1068,136,1936,2136
finproc,10,1,PRED_MUTEX,2,4.4904,0.449172,0.449172,0.449172,0.449172,0.1,0.1,0.1,0.1,0,1800,2000
finproc,10,10,PRED_SHARED,2,4.49112,0.449868,4.49148,0.449868,4.49148,0.1002,1.0001,0.1002,1.0001,0,19800,20000
finproc,10,10,PRED_DISTINCT,2,4.49112,2.850976,4.376145,3.990225,4.376145,0.6348,0.9744,0.8885,0.9744,15764,19282,19482
finproc,10,10,PRED_NESTED,2,4.49112,0.822085,4.554804,3.547889,4.554804,0.183,1.0142,0.79,1.0142,13667,20066,20266
finproc,10,10,PRED_OVERLAP,2,4.49112,2.002359,4.590785,4.402246,4.590785,0.4458,1.0222,0.9802,1.0222,17611,20230,20430
finproc,10,10,PRED_MUTEX,2,4.49112,4.49112,4.49112,4.49112,4.49112,1.0,1.0,1.0,1.0,18000,19800,20000
finproc,10,50,PRED_SHARED,2,4.49432,0.453068,22.4574,0.453068,22.4574,0.1008,4.9968,0.1008,4.9968,0,99800,100000
finproc,10,50,PRED_DISTINCT,2,4.49432,4.472467,22.485206,21.325479,22.485206,0.9951,5.003,4.745,5.003,92899,99914,100114
finproc,10,50,PRED_NESTED,2,4.49432,0.881904,22.698434,17.009759,22.663283,0.1962,5.0505,3.7847,5.0427,73558,100627,100827
finproc,10,50,PRED_OVERLAP,2,4.49432,4.166306,22.622614,18.508436,22.622614,0.927,5.0336,4.1182,5.0336,80328,100448,100648
finproc,10,50,PRED_MUTEX,2,4.49432,4.49432,4.49432,4.49432,4.49432,1.0,1.0,1.0,1.0,18000,19800,20000
finproc,10,100,PRED_SHARED,2,4.49832,0.457068,44.9148,0.457068,44.9148,0.1016,9.9848,0.1016,9.9848,0,199800,200000
finproc,10,100,PRED_DISTINCT,2,4.49832,4.49832,45.061737,43.027386,45.061737,1.0,10.0175,9.5652,10.0175,189537,200470,200670
finproc,10,100,PRED_NESTED,2,4.49832,0.893527,45.387644,33.917346,45.289771,0.1986,10.0899,7.54,10.0682,148780,201310,201510
finproc,10,100,PRED_OVERLAP,2,4.49832,4.474592,45.338363,37.908967,45.338363,0.9947,10.079,8.4274,10.079,166696,201516,201716
finproc,10,100,PRED_MUTEX,2,4.49832,4.49832,4.49832,4.49832,4.49832,1.0,1.0,1.0,1.0,18000,19800,20000
finproc,50,1,PRED_SHARED,2,4.4904,2.233099,2.233099,2.233099,2.233099,0.4973,0.4973,0.4973,0.4973,7942,9742,9942
finproc,50,1,PRED_DISTINCT,2,4.4904,2.277148,2.277148,2.277148,2.277148,0.5071,0.5071,0.5071,0.5071,8146,9946,10146
finproc,50,1,PRED_NESTED,2,4.4904,2.233099,2.233099,2.233099,2.233099,0.4973,0.4973,0.4973,0.4973,7942,9742,9942
finproc,50,1,PRED_OVERLAP,2,4.4904,1.968414,1.968414,1.968414,1.968414,0.4384,0.4384,0.4384,0.4384,6768,8568,8768
finproc,50,1,PRED_MUTEX,2,4.4904,2.244792,2.244792,2.244792,2.244792,0.4999,0.4999,0.4999,0.4999,8000,9800,10000
finproc,50,10,PRED_SHARED,2,4.49112,2.233819,22.330986,22.330986,22.330986,0.4974,4.9723,4.9723,4.9723,97420,99220,99420
finproc,50,10,PRED_DISTINCT,2,4.49112,4.487007,22.504687,22.504687,22.504687,0.9991,5.0109,5.0109,5.0109,98238,100038,100238
finproc,50,10,PRED_NESTED,2,4.49112,4.101479,22.443735,22.411547,22.443735,0.9132,4.9974,4.9902,4.9974,97776,99744,99944
finproc,50,10,PRED_OVERLAP,2,4.49112,4.301704,19.664305,19.664305,19.664305,0.9578,4.3785,4.3785,4.3785,85576,87376,87576
finproc,50,10,PRED_MUTEX,2,4.49112,4.49112,4.49112,4.49112,4.49112,1.0,1.0,1.0,1.0,18000,19800,20000
finproc,50,50,PRED_SHARED,2,4.49432,2.237019,111.65493,111.65493,111.65493,0.4977,24.8436,24.8436,24.8436,495100,496900,497100
finproc,50,50,PRED_DISTINCT,2,4.49432,4.49432,112.446987,112.446987,112.446987,1.0,25.0198,25.0198,25.0198,498836,500636,500836
finproc,50,50,PRED_NESTED,2,4.49432,4.410159,112.191366,111.239526,112.191366,0.9813,24.9629,24.7511,24.9629,493328,499392,499592
finproc,50,50,PRED_OVERLAP,2,4.49432,4.49432,98.171965,98.171965,98.171965,1.0,21.8436,21.8436,21.8436,435178,436978,437178
finproc,50,50,PRED_MUTEX,2,4.49432,4.49432,4.49432,4.49432,4.49432,1.0,1.0,1.0,1.0,18000,19800,20000
finproc,50,100,PRED_SHARED,2,4.49832,2.241019,223.30986,223.30986,223.30986,0.4982,49.6429,49.6429,49.6429,992200,994000,994200
finproc,50,100,PRED_DISTINCT,2,4.49832,4.49832,224.930902,224.930902,224.930902,1.0,50.0033,50.0033,50.0033,999832,1001632,1001832
finproc,50,100,PRED_NESTED,2,4.49832,4.452298,224.406369,222.303326,224.40598,0.9898,49.8867,49.4192,49.8866,987900,999080,999280
finproc,50,100,PRED_OVERLAP,2,4.49832,4.49832,196.456662,196.456662,196.456662,1.0,43.6733,43.6733,43.6733,872846,874646,874846
finproc,50,100,PRED_MUTEX,2,4.49832,4.49832,4.49832,4.49832,4.49832,1.0,1.0,1.0,1.0,18000,19800,20000
finproc,100,1,PRED_SHARED,2,4.490402,4.490402,4.490402,4.490402,4.490402,1.0,1.0,1.0,1.0,18000,19800,20000
finproc,100,1,PRED_DISTINCT,2,4.490402,4.490402,4.490402,4.490402,4.490402,1.0,1.0,1.0,1.0,18000,19800,20000
finproc,100,1,PRED_NESTED,2,4.490402,4.490402,4.490402,4.490402,4.490402,1.0,1.0,1.0,1.0,18000,19800,20000
finproc,100,1,PRED_OVERLAP,2,4.4904,3.383268,3.383268,3.383268,3.383268,0.7534,0.7534,0.7534,0.7534,13068,14868,15068
finproc,100,1,PRED_MUTEX,2,4.490402,4.490402,4.490402,4.490402,4.490402,1.0,1.0,1.0,1.0,18000,19800,20000
finproc,100,10,PRED_SHARED,2,4.49114,4.49114,44.90402,44.90402,44.90402,1.0,9.9984,9.9984,9.9984,198000,199800,200000
finproc,100,10,PRED_DISTINCT,2,4.49114,4.49114,44.90402,44.90402,44.90402,1.0,9.9984,9.9984,9.9984,198000,199800,200000
finproc,100,10,PRED_NESTED,2,4.49113,4.49113,34.681315,34.681315,34.681315,1.0,7.7222,7.7222,7.7222,152456,154256,154456
finproc,100,10,PRED_OVERLAP,2,4.49112,4.489302,33.618894,33.618894,33.618894,0.9996,7.4856,7.4856,7.4856,147726,149526,149726
finproc,100,10,PRED_MUTEX,2,4.49112,4.49112,4.49112,4.49112,4.49112,1.0,1.0,1.0,1.0,18000,19800,20000
finproc,100,50,PRED_SHARED,2,4.49442,4.49442,224.5201,224.5201,224.5201,1.0,49.9553,49.9553,49.9553,998000,999800,1000000
finproc,100,50,PRED_DISTINCT,2,4.49442,4.49442,224.5201,224.5201,224.5201,1.0,49.9553,49.9553,49.9553,998000,999800,1000000
finproc,100,50,PRED_NESTED,2,4.49437,4.49437,169.459683,169.120699,169.459683,1.0,37.7049,37.6295,37.7049,751087,754510,754710
finproc,100,50,PRED_OVERLAP,2,4.49432,4.49432,168.265558,168.265558,168.265558,1.0,37.4396,37.4396,37.4396,747326,749126,749326
finproc,100,50,PRED_MUTEX,2,4.49432,4.49432,4.49432,4.49432,4.49432,1.0,1.0,1.0,1.0,18000,19800,20000
finproc,100,100,PRED_SHARED,2,4.49852,4.49852,449.0402,449.0402,449.0402,1.0,99.8195,99.8195,99.8195,1998000,1999800,2000000
finproc,100,100,PRED_DISTINCT,2,4.49852,4.49852,449.0402,449.0402,449.0402,1.0,99.8195,99.8195,99.8195,1998000,1999800,2000000
finproc,100,100,PRED_NESTED,2,4.49842,4.49842,337.821949,336.879817,337.821949,1.0,75.0979,74.8885,75.0979,1498330,1504336,1504536
finproc,100,100,PRED_OVERLAP,2,4.49832,4.49832,336.538898,336.538898,336.538898,1.0,74.8144,74.8144,74.8144,1496674,1498474,1498674
finproc,100,100,PRED_MUTEX,2,4.49832,4.49832,4.49832,4.49832,4.49832,1.0,1.0,1.0,1.0,18000,19800,20000
